id,user_id,transaction_date,amount,category,status
1,user_737,2025-01-20 07:00:00,914.16,Entertainment,FAILED
2,user_610,2025-01-08 17:00:00,571.68,Groceries,COMPLETED
3,user_306,2025-01-13 01:00:00,866.37,Entertainment,FAILED
4,user_419,2025-01-06 13:00:00,752.39,Electronics,COMPLETED
5,user_559,2025-01-06 00:00:00,1887.72,Groceries,COMPLETED
6,user_256,2025-01-16 01:00:00,754.71,Clothing,PENDING
7,user_423,2025-01-14 16:00:00,924.64,Utilities,COMPLETED
8,user_412,2025-01-09 11:00:00,608.51,Groceries,PENDING
9,user_316,2025-01-07 23:00:00,80.34,Entertainment,COMPLETED
10,user_160,2025-01-04 14:00:00,815.77,Utilities,COMPLETED
11,user_642,2025-01-09 22:00:00,466.26,Clothing,COMPLETED
12,user_630,2025-01-03 05:00:00,1310.19,Groceries,COMPLETED
13,user_961,2025-01-01 22:00:00,764.2,Clothing,COMPLETED
14,user_795,2025-01-21 12:00:00,1413.5,Clothing,FAILED
15,user_179,2025-01-19 14:00:00,1593.01,Utilities,FAILED
16,user_340,2025-01-14 23:00:00,1564.59,Entertainment,COMPLETED
17,user_221,2025-01-04 14:00:00,471.04,Utilities,COMPLETED
18,user_619,2025-01-18 01:00:00,1711.06,Electronics,COMPLETED
19,user_557,2025-01-03 10:00:00,1373.92,Groceries,COMPLETED
20,user_672,2025-01-21 05:00:00,374.81,Groceries,FAILED
21,user_148,2025-01-20 18:00:00,152.48,Groceries,PENDING
22,user_724,2025-01-06 19:00:00,1114.05,Utilities,PENDING
23,user_477,2025-01-16 17:00:00,615.37,Groceries,COMPLETED
24,user_454,2025-01-13 15:00:00,995.25,Entertainment,FAILED
25,user_863,2025-01-05 19:00:00,1756.04,Entertainment,COMPLETED
26,user_505,2025-01-20 12:00:00,1499.98,Groceries,PENDING
27,user_161,2025-01-18 01:00:00,1001.15,Utilities,FAILED
28,user_850,2025-01-15 20:00:00,1312.28,Clothing,PENDING
29,user_706,2025-01-10 08:00:00,7.7,Entertainment,PENDING
30,user_544,2025-01-11 03:00:00,1352.8,Groceries,COMPLETED
31,user_985,2025-01-03 10:00:00,1226.16,Electronics,COMPLETED
32,user_670,2025-01-18 13:00:00,375.41,Utilities,FAILED
33,user_924,2025-01-15 07:00:00,910.53,Entertainment,COMPLETED
34,user_396,2025-01-20 01:00:00,88.82,Clothing,COMPLETED
35,user_249,2025-01-04 19:00:00,1804.08,Entertainment,COMPLETED
36,user_228,2025-01-02 17:00:00,1348.07,Entertainment,COMPLETED
37,user_733,2025-01-09 19:00:00,1546.96,Electronics,FAILED
38,user_875,2025-01-11 01:00:00,1554.39,Entertainment,FAILED
39,user_750,2025-01-16 10:00:00,1237.77,Entertainment,COMPLETED
40,user_693,2025-01-06 19:00:00,365.03,Utilities,COMPLETED
41,user_311,2025-01-06 12:00:00,1765.74,Groceries,PENDING
42,user_588,2025-01-02 12:00:00,693.1,Utilities,FAILED
43,user_973,2025-01-11 03:00:00,745.51,Utilities,PENDING
44,user_209,2025-01-09 04:00:00,138.55,Entertainment,FAILED
45,user_990,2025-01-05 02:00:00,1682.9,Groceries,PENDING
46,user_517,2025-01-02 12:00:00,90.19,Electronics,FAILED
47,user_296,2025-01-13 18:00:00,1585.11,Clothing,FAILED
48,user_212,2025-01-17 10:00:00,1021.54,Electronics,COMPLETED
49,user_281,2025-01-15 23:00:00,1724.79,Entertainment,COMPLETED
50,user_622,2025-01-11 11:00:00,1002.31,Clothing,FAILED
51,user_681,2025-01-06 20:00:00,333.12,Entertainment,COMPLETED
52,user_749,2025-01-16 12:00:00,402.9,Entertainment,COMPLETED
53,user_833,2025-01-21 17:00:00,82.34,Groceries,FAILED
54,user_695,2025-01-10 10:00:00,1840.35,Utilities,COMPLETED
55,user_966,2025-01-03 22:00:00,1818.13,Clothing,FAILED
56,user_575,2025-01-20 12:00:00,1483.47,Entertainment,FAILED
57,user_719,2025-01-10 18:00:00,1011.94,Groceries,FAILED
58,user_834,2025-01-15 15:00:00,955.42,Groceries,COMPLETED
59,user_398,2025-01-05 21:00:00,1381.7,Groceries,COMPLETED
60,user_865,2025-01-21 22:00:00,223.6,Groceries,COMPLETED
61,user_444,2025-01-14 11:00:00,1046.38,Utilities,COMPLETED
62,user_712,2025-01-17 10:00:00,753.03,Groceries,PENDING
63,user_905,2025-01-04 14:00:00,829.58,Electronics,FAILED
64,user_892,2025-01-06 18:00:00,1795.83,Groceries,PENDING
65,user_761,2025-01-15 06:00:00,1628.0,Electronics,COMPLETED
66,user_212,2025-01-15 22:00:00,1801.67,Electronics,FAILED
67,user_242,2025-01-14 13:00:00,1461.56,Utilities,COMPLETED
68,user_786,2025-01-19 15:00:00,403.08,Groceries,COMPLETED
69,user_693,2025-01-10 19:00:00,1703.12,Entertainment,PENDING
70,user_665,2025-01-05 14:00:00,1817.8,Clothing,PENDING
71,user_678,2025-01-04 02:00:00,1420.87,Electronics,PENDING
72,user_863,2025-01-05 04:00:00,452.2,Electronics,PENDING
73,user_194,2025-01-11 19:00:00,98.45,Clothing,COMPLETED
74,user_362,2025-01-07 04:00:00,123.58,Entertainment,COMPLETED
75,user_200,2025-01-18 04:00:00,817.58,Electronics,PENDING
76,user_806,2025-01-01 08:00:00,655.63,Electronics,COMPLETED
77,user_238,2025-01-11 02:00:00,1385.77,Entertainment,FAILED
78,user_349,2025-01-19 18:00:00,1367.4,Clothing,PENDING
79,user_156,2025-01-06 13:00:00,1327.81,Clothing,FAILED
80,user_181,2025-01-03 06:00:00,1748.22,Groceries,FAILED
81,user_722,2025-01-16 07:00:00,1339.91,Utilities,FAILED
82,user_718,2025-01-13 11:00:00,1994.3,Clothing,COMPLETED
83,user_242,2025-01-04 15:00:00,863.45,Electronics,FAILED
84,user_487,2025-01-19 13:00:00,1282.92,Electronics,COMPLETED
85,user_968,2025-01-21 13:00:00,1309.65,Electronics,PENDING
86,user_781,2025-01-15 08:00:00,1105.85,Utilities,PENDING
87,user_624,2025-01-12 17:00:00,1625.0,Entertainment,FAILED
88,user_704,2025-01-14 06:00:00,555.76,Utilities,COMPLETED
89,user_277,2025-01-19 10:00:00,1772.83,Utilities,FAILED
90,user_626,2025-01-03 12:00:00,107.12,Groceries,FAILED
91,user_545,2025-01-21 04:00:00,866.63,Entertainment,COMPLETED
92,user_750,2025-01-02 04:00:00,726.36,Electronics,FAILED
93,user_677,2025-01-11 12:00:00,1690.72,Electronics,COMPLETED
94,user_114,2025-01-07 10:00:00,1044.97,Electronics,PENDING
95,user_125,2025-01-13 22:00:00,1599.25,Entertainment,COMPLETED
96,user_377,2025-01-12 00:00:00,974.28,Entertainment,FAILED
97,user_250,2025-01-08 01:00:00,1057.13,Clothing,PENDING
98,user_504,2025-01-15 03:00:00,843.16,Clothing,COMPLETED
99,user_245,2025-01-18 16:00:00,10.23,Groceries,FAILED
100,user_929,2025-01-13 08:00:00,193.53,Clothing,COMPLETED
101,user_765,2025-01-08 02:00:00,584.12,Clothing,COMPLETED
102,user_189,2025-01-01 04:00:00,1854.18,Electronics,COMPLETED
103,user_692,2025-01-15 16:00:00,164.14,Clothing,PENDING
104,user_557,2025-01-18 09:00:00,672.31,Utilities,COMPLETED
105,user_476,2025-01-03 03:00:00,1495.1,Electronics,FAILED
106,user_439,2025-01-17 06:00:00,1315.85,Clothing,PENDING
107,user_952,2025-01-10 02:00:00,434.0,Groceries,PENDING
108,user_829,2025-01-10 15:00:00,1583.11,Clothing,COMPLETED
109,user_304,2025-01-20 22:00:00,1902.64,Entertainment,FAILED
110,user_138,2025-01-14 08:00:00,1083.72,Electronics,FAILED
111,user_621,2025-01-14 20:00:00,1348.72,Entertainment,COMPLETED
112,user_151,2025-01-13 20:00:00,1145.51,Clothing,COMPLETED
113,user_598,2025-01-03 00:00:00,29.1,Entertainment,FAILED
114,user_897,2025-01-21 16:00:00,258.35,Groceries,FAILED
115,user_472,2025-01-21 03:00:00,1527.9,Clothing,FAILED
116,user_855,2025-01-08 22:00:00,1229.25,Utilities,FAILED
117,user_465,2025-01-07 16:00:00,214.24,Entertainment,FAILED
118,user_673,2025-01-01 14:00:00,1081.07,Clothing,COMPLETED
119,user_102,2025-01-09 15:00:00,922.23,Clothing,PENDING
120,user_324,2025-01-07 23:00:00,1794.0,Groceries,PENDING
121,user_705,2025-01-10 13:00:00,1794.65,Groceries,FAILED
122,user_265,2025-01-14 20:00:00,1527.04,Groceries,PENDING
123,user_816,2025-01-11 08:00:00,756.48,Electronics,COMPLETED
124,user_576,2025-01-13 20:00:00,1943.64,Groceries,PENDING
125,user_814,2025-01-16 11:00:00,281.07,Entertainment,COMPLETED
126,user_249,2025-01-11 06:00:00,303.39,Groceries,PENDING
127,user_422,2025-01-15 14:00:00,1236.51,Electronics,COMPLETED
128,user_433,2025-01-14 09:00:00,286.48,Groceries,FAILED
129,user_941,2025-01-20 19:00:00,1229.65,Electronics,FAILED
130,user_315,2025-01-05 20:00:00,1390.65,Clothing,COMPLETED
131,user_431,2025-01-19 07:00:00,85.99,Clothing,PENDING
132,user_380,2025-01-20 06:00:00,1733.19,Groceries,FAILED
133,user_154,2025-01-03 19:00:00,1394.27,Entertainment,COMPLETED
134,user_698,2025-01-11 15:00:00,1686.45,Entertainment,FAILED
135,user_257,2025-01-01 06:00:00,141.76,Clothing,COMPLETED
136,user_526,2025-01-08 01:00:00,148.59,Groceries,COMPLETED
137,user_557,2025-01-03 03:00:00,145.55,Utilities,FAILED
138,user_934,2025-01-14 05:00:00,1017.41,Electronics,COMPLETED
139,user_931,2025-01-11 19:00:00,1133.72,Utilities,COMPLETED
140,user_700,2025-01-19 08:00:00,1363.52,Clothing,FAILED
141,user_957,2025-01-05 16:00:00,1545.45,Electronics,COMPLETED
142,user_667,2025-01-01 14:00:00,1436.87,Groceries,PENDING
143,user_303,2025-01-04 23:00:00,1398.45,Groceries,FAILED
144,user_200,2025-01-07 21:00:00,508.83,Electronics,PENDING
145,user_399,2025-01-08 01:00:00,944.37,Entertainment,FAILED
146,user_496,2025-01-12 04:00:00,492.88,Utilities,COMPLETED
147,user_151,2025-01-18 01:00:00,1613.76,Clothing,COMPLETED
148,user_435,2025-01-02 07:00:00,1256.38,Clothing,COMPLETED
149,user_917,2025-01-10 06:00:00,1684.02,Electronics,PENDING
150,user_852,2025-01-13 11:00:00,1672.3,Utilities,PENDING
151,user_103,2025-01-18 22:00:00,1999.93,Utilities,FAILED
152,user_368,2025-01-13 07:00:00,1464.25,Entertainment,FAILED
153,user_690,2025-01-20 13:00:00,271.05,Utilities,COMPLETED
154,user_278,2025-01-03 23:00:00,192.35,Groceries,COMPLETED
155,user_975,2025-01-01 13:00:00,951.31,Entertainment,PENDING
156,user_488,2025-01-10 04:00:00,1037.43,Groceries,PENDING
157,user_945,2025-01-06 00:00:00,354.5,Entertainment,PENDING
158,user_363,2025-01-14 12:00:00,1476.05,Groceries,COMPLETED
159,user_985,2025-01-12 18:00:00,1594.08,Entertainment,COMPLETED
160,user_640,2025-01-03 16:00:00,1986.41,Utilities,COMPLETED
161,user_988,2025-01-10 13:00:00,827.74,Electronics,COMPLETED
162,user_612,2025-01-12 19:00:00,1923.69,Clothing,PENDING
163,user_203,2025-01-03 23:00:00,391.06,Utilities,PENDING
164,user_962,2025-01-21 23:00:00,82.06,Entertainment,PENDING
165,user_656,2025-01-06 11:00:00,50.35,Groceries,FAILED
166,user_198,2025-01-01 10:00:00,1820.66,Electronics,FAILED
167,user_216,2025-01-03 22:00:00,705.9,Entertainment,FAILED
168,user_243,2025-01-08 13:00:00,1383.14,Electronics,FAILED
169,user_126,2025-01-10 23:00:00,1599.11,Groceries,COMPLETED
170,user_126,2025-01-04 02:00:00,211.87,Groceries,COMPLETED
171,user_245,2025-01-08 10:00:00,1798.34,Groceries,PENDING
172,user_231,2025-01-09 21:00:00,954.97,Groceries,COMPLETED
173,user_929,2025-01-02 09:00:00,801.4,Entertainment,PENDING
174,user_672,2025-01-04 12:00:00,1554.1,Utilities,FAILED
175,user_460,2025-01-16 09:00:00,1444.71,Electronics,FAILED
176,user_317,2025-01-20 20:00:00,1322.68,Utilities,PENDING
177,user_801,2025-01-14 18:00:00,1350.15,Utilities,COMPLETED
178,user_632,2025-01-15 08:00:00,1438.7,Utilities,PENDING
179,user_260,2025-01-06 21:00:00,1563.18,Electronics,FAILED
180,user_410,2025-01-21 21:00:00,1994.01,Clothing,FAILED
181,user_202,2025-01-18 02:00:00,928.24,Clothing,PENDING
182,user_906,2025-01-16 01:00:00,1476.74,Entertainment,COMPLETED
183,user_620,2025-01-09 02:00:00,1642.55,Clothing,FAILED
184,user_995,2025-01-13 12:00:00,1237.8,Groceries,FAILED
185,user_190,2025-01-03 14:00:00,399.38,Groceries,COMPLETED
186,user_989,2025-01-03 13:00:00,1262.7,Electronics,FAILED
187,user_861,2025-01-02 19:00:00,1865.47,Entertainment,PENDING
188,user_186,2025-01-09 05:00:00,1436.61,Electronics,PENDING
189,user_839,2025-01-17 00:00:00,880.92,Utilities,FAILED
190,user_989,2025-01-08 17:00:00,1687.67,Utilities,FAILED
191,user_296,2025-01-03 02:00:00,795.59,Groceries,FAILED
192,user_182,2025-01-08 01:00:00,891.49,Clothing,FAILED
193,user_277,2025-01-07 16:00:00,1507.94,Utilities,PENDING
194,user_121,2025-01-09 19:00:00,750.27,Utilities,COMPLETED
195,user_151,2025-01-11 11:00:00,1948.6,Groceries,FAILED
196,user_289,2025-01-03 01:00:00,768.31,Electronics,FAILED
197,user_547,2025-01-17 03:00:00,1556.35,Clothing,FAILED
198,user_473,2025-01-13 14:00:00,471.44,Groceries,COMPLETED
199,user_449,2025-01-04 00:00:00,1544.49,Clothing,FAILED
200,user_316,2025-01-18 23:00:00,1773.37,Entertainment,COMPLETED
201,user_623,2025-01-05 16:00:00,429.46,Utilities,FAILED
202,user_711,2025-01-12 16:00:00,1500.12,Electronics,PENDING
203,user_934,2025-01-17 03:00:00,143.23,Utilities,FAILED
204,user_926,2025-01-14 23:00:00,78.44,Utilities,FAILED
205,user_887,2025-01-19 21:00:00,700.78,Utilities,COMPLETED
206,user_140,2025-01-13 18:00:00,1372.06,Utilities,PENDING
207,user_660,2025-01-18 12:00:00,1743.52,Entertainment,COMPLETED
208,user_635,2025-01-16 03:00:00,593.78,Entertainment,COMPLETED
209,user_741,2025-01-17 13:00:00,418.05,Clothing,FAILED
210,user_493,2025-01-03 05:00:00,739.68,Electronics,PENDING
211,user_836,2025-01-07 13:00:00,827.73,Entertainment,PENDING
212,user_338,2025-01-20 21:00:00,316.24,Entertainment,FAILED
213,user_307,2025-01-20 21:00:00,509.28,Groceries,FAILED
214,user_102,2025-01-07 16:00:00,415.77,Utilities,PENDING
215,user_383,2025-01-04 09:00:00,813.78,Clothing,FAILED
216,user_624,2025-01-15 09:00:00,1466.53,Groceries,FAILED
217,user_432,2025-01-03 19:00:00,320.44,Groceries,FAILED
218,user_814,2025-01-18 01:00:00,627.76,Utilities,PENDING
219,user_235,2025-01-20 20:00:00,50.33,Clothing,COMPLETED
220,user_557,2025-01-01 20:00:00,1490.22,Utilities,FAILED
221,user_934,2025-01-06 18:00:00,773.72,Groceries,PENDING
222,user_627,2025-01-12 23:00:00,1286.8,Groceries,PENDING
223,user_528,2025-01-16 08:00:00,1079.85,Groceries,COMPLETED
224,user_484,2025-01-10 03:00:00,52.63,Electronics,FAILED
225,user_714,2025-01-08 04:00:00,1014.94,Electronics,FAILED
226,user_286,2025-01-09 23:00:00,693.18,Entertainment,FAILED
227,user_768,2025-01-07 14:00:00,1707.37,Utilities,COMPLETED
228,user_623,2025-01-09 16:00:00,793.84,Electronics,FAILED
229,user_645,2025-01-10 02:00:00,1170.14,Groceries,COMPLETED
230,user_938,2025-01-09 17:00:00,1065.08,Clothing,PENDING
231,user_533,2025-01-12 19:00:00,1947.37,Electronics,FAILED
232,user_900,2025-01-06 20:00:00,1129.99,Clothing,COMPLETED
233,user_413,2025-01-05 19:00:00,1723.78,Utilities,PENDING
234,user_492,2025-01-06 01:00:00,1353.02,Electronics,PENDING
235,user_944,2025-01-18 03:00:00,270.31,Groceries,PENDING
236,user_823,2025-01-06 06:00:00,430.49,Groceries,FAILED
237,user_345,2025-01-10 07:00:00,871.3,Groceries,PENDING
238,user_930,2025-01-06 18:00:00,1192.27,Groceries,COMPLETED
239,user_310,2025-01-03 14:00:00,1290.74,Clothing,FAILED
240,user_734,2025-01-19 01:00:00,1119.22,Entertainment,COMPLETED
241,user_877,2025-01-07 21:00:00,1630.86,Clothing,FAILED
242,user_386,2025-01-02 18:00:00,1795.24,Clothing,PENDING
243,user_249,2025-01-15 12:00:00,980.69,Entertainment,PENDING
244,user_805,2025-01-12 08:00:00,1938.65,Utilities,COMPLETED
245,user_167,2025-01-09 19:00:00,366.02,Groceries,PENDING
246,user_883,2025-01-17 11:00:00,1976.51,Clothing,COMPLETED
247,user_246,2025-01-03 06:00:00,1878.48,Utilities,FAILED
248,user_438,2025-01-01 03:00:00,1858.35,Electronics,FAILED
249,user_368,2025-01-08 15:00:00,1990.04,Electronics,PENDING
250,user_152,2025-01-14 00:00:00,1410.14,Electronics,COMPLETED
251,user_367,2025-01-06 09:00:00,868.63,Entertainment,PENDING
252,user_284,2025-01-14 22:00:00,1667.48,Utilities,FAILED
253,user_447,2025-01-19 23:00:00,1035.08,Clothing,PENDING
254,user_600,2025-01-17 10:00:00,485.03,Groceries,COMPLETED
255,user_822,2025-01-13 06:00:00,453.52,Electronics,COMPLETED
256,user_501,2025-01-13 12:00:00,357.65,Utilities,COMPLETED
257,user_202,2025-01-10 03:00:00,810.59,Electronics,FAILED
258,user_166,2025-01-15 13:00:00,925.97,Groceries,COMPLETED
259,user_582,2025-01-09 22:00:00,610.45,Entertainment,COMPLETED
260,user_889,2025-01-14 12:00:00,1996.26,Electronics,COMPLETED
261,user_144,2025-01-08 01:00:00,143.45,Entertainment,FAILED
262,user_849,2025-01-12 17:00:00,1116.54,Utilities,COMPLETED
263,user_507,2025-01-21 23:00:00,1466.02,Entertainment,COMPLETED
264,user_865,2025-01-19 23:00:00,1739.66,Entertainment,PENDING
265,user_288,2025-01-17 18:00:00,57.85,Entertainment,FAILED
266,user_142,2025-01-02 06:00:00,1011.64,Utilities,FAILED
267,user_258,2025-01-15 11:00:00,818.85,Entertainment,FAILED
268,user_428,2025-01-18 09:00:00,490.27,Electronics,COMPLETED
269,user_425,2025-01-04 11:00:00,518.39,Groceries,COMPLETED
270,user_249,2025-01-05 16:00:00,122.03,Entertainment,FAILED
271,user_711,2025-01-07 12:00:00,162.18,Clothing,FAILED
272,user_548,2025-01-14 00:00:00,1729.0,Electronics,COMPLETED
273,user_361,2025-01-10 05:00:00,490.49,Groceries,FAILED
274,user_664,2025-01-12 04:00:00,1858.58,Utilities,PENDING
275,user_508,2025-01-12 16:00:00,93.71,Entertainment,PENDING
276,user_654,2025-01-16 06:00:00,664.84,Entertainment,FAILED
277,user_928,2025-01-14 06:00:00,1224.11,Utilities,PENDING
278,user_175,2025-01-01 03:00:00,694.59,Utilities,PENDING
279,user_404,2025-01-07 01:00:00,1676.75,Clothing,PENDING
280,user_581,2025-01-16 22:00:00,1490.06,Clothing,PENDING
281,user_776,2025-01-05 22:00:00,253.03,Entertainment,FAILED
282,user_256,2025-01-14 10:00:00,180.75,Groceries,FAILED
283,user_498,2025-01-15 19:00:00,791.98,Entertainment,FAILED
284,user_960,2025-01-04 21:00:00,189.45,Clothing,PENDING
285,user_862,2025-01-03 21:00:00,1349.85,Electronics,FAILED
286,user_664,2025-01-18 15:00:00,946.61,Clothing,PENDING
287,user_100,2025-01-01 09:00:00,322.53,Electronics,COMPLETED
288,user_263,2025-01-14 15:00:00,928.93,Electronics,PENDING
289,user_431,2025-01-21 21:00:00,1303.73,Entertainment,COMPLETED
290,user_184,2025-01-21 09:00:00,235.75,Entertainment,FAILED
291,user_720,2025-01-17 20:00:00,517.66,Groceries,PENDING
292,user_120,2025-01-10 02:00:00,214.78,Electronics,FAILED
293,user_811,2025-01-21 02:00:00,686.02,Utilities,PENDING
294,user_334,2025-01-20 06:00:00,896.52,Entertainment,PENDING
295,user_575,2025-01-08 02:00:00,1864.55,Clothing,COMPLETED
296,user_134,2025-01-10 13:00:00,1511.44,Groceries,FAILED
297,user_952,2025-01-04 10:00:00,1833.13,Entertainment,COMPLETED
298,user_322,2025-01-21 06:00:00,1311.7,Electronics,FAILED
299,user_770,2025-01-10 04:00:00,905.27,Clothing,COMPLETED
300,user_617,2025-01-16 05:00:00,286.96,Entertainment,PENDING
301,user_602,2025-01-03 10:00:00,1344.06,Clothing,FAILED
302,user_943,2025-01-17 15:00:00,732.99,Utilities,FAILED
303,user_141,2025-01-15 22:00:00,141.0,Electronics,COMPLETED
304,user_322,2025-01-15 18:00:00,764.74,Groceries,PENDING
305,user_471,2025-01-11 11:00:00,1357.64,Groceries,FAILED
306,user_966,2025-01-08 07:00:00,128.0,Clothing,PENDING
307,user_585,2025-01-16 23:00:00,393.07,Groceries,FAILED
308,user_197,2025-01-10 06:00:00,1495.12,Utilities,COMPLETED
309,user_971,2025-01-07 12:00:00,721.1,Groceries,FAILED
310,user_934,2025-01-07 17:00:00,1266.56,Groceries,FAILED
311,user_377,2025-01-12 17:00:00,159.63,Electronics,COMPLETED
312,user_294,2025-01-03 19:00:00,1352.35,Clothing,COMPLETED
313,user_964,2025-01-07 07:00:00,940.21,Entertainment,FAILED
314,user_808,2025-01-20 13:00:00,1942.54,Clothing,PENDING
315,user_888,2025-01-15 05:00:00,1761.06,Electronics,COMPLETED
316,user_218,2025-01-04 02:00:00,1900.44,Clothing,COMPLETED
317,user_997,2025-01-07 00:00:00,477.09,Electronics,COMPLETED
318,user_825,2025-01-16 18:00:00,1149.48,Clothing,FAILED
319,user_939,2025-01-12 00:00:00,1130.59,Entertainment,FAILED
320,user_537,2025-01-15 04:00:00,981.25,Clothing,PENDING
321,user_282,2025-01-13 14:00:00,1567.81,Utilities,PENDING
322,user_542,2025-01-10 21:00:00,1024.0,Groceries,COMPLETED
323,user_279,2025-01-11 20:00:00,1990.6,Utilities,PENDING
324,user_867,2025-01-20 04:00:00,1364.05,Clothing,COMPLETED
325,user_699,2025-01-14 19:00:00,803.72,Groceries,PENDING
326,user_119,2025-01-16 12:00:00,1277.19,Entertainment,COMPLETED
327,user_632,2025-01-20 06:00:00,311.03,Groceries,FAILED
328,user_191,2025-01-20 13:00:00,46.02,Clothing,PENDING
329,user_256,2025-01-01 14:00:00,1430.37,Entertainment,PENDING
330,user_844,2025-01-01 02:00:00,955.81,Electronics,PENDING
331,user_760,2025-01-04 19:00:00,61.19,Clothing,FAILED
332,user_396,2025-01-11 19:00:00,1017.75,Utilities,FAILED
333,user_927,2025-01-20 02:00:00,1565.45,Groceries,PENDING
334,user_907,2025-01-09 21:00:00,1049.17,Utilities,FAILED
335,user_112,2025-01-01 23:00:00,263.59,Clothing,PENDING
336,user_517,2025-01-15 16:00:00,582.01,Entertainment,PENDING
337,user_867,2025-01-08 06:00:00,562.66,Groceries,FAILED
338,user_614,2025-01-20 01:00:00,1441.0,Groceries,FAILED
339,user_421,2025-01-18 06:00:00,810.55,Clothing,COMPLETED
340,user_196,2025-01-06 14:00:00,1404.56,Clothing,FAILED
341,user_496,2025-01-06 04:00:00,955.33,Entertainment,COMPLETED
342,user_321,2025-01-13 16:00:00,1842.52,Electronics,PENDING
343,user_629,2025-01-12 18:00:00,84.27,Groceries,PENDING
344,user_565,2025-01-08 14:00:00,823.94,Electronics,PENDING
345,user_669,2025-01-08 05:00:00,1043.65,Utilities,FAILED
346,user_968,2025-01-11 20:00:00,1685.55,Electronics,COMPLETED
347,user_284,2025-01-14 13:00:00,88.89,Groceries,PENDING
348,user_403,2025-01-08 23:00:00,1725.11,Utilities,FAILED
349,user_521,2025-01-20 08:00:00,1450.28,Utilities,PENDING
350,user_372,2025-01-17 20:00:00,1336.65,Clothing,PENDING
351,user_836,2025-01-01 12:00:00,79.62,Utilities,PENDING
352,user_802,2025-01-02 15:00:00,300.32,Clothing,COMPLETED
353,user_330,2025-01-01 12:00:00,1098.83,Entertainment,COMPLETED
354,user_258,2025-01-06 08:00:00,575.04,Groceries,PENDING
355,user_438,2025-01-07 03:00:00,1042.74,Electronics,FAILED
356,user_469,2025-01-13 05:00:00,407.45,Clothing,FAILED
357,user_451,2025-01-13 21:00:00,1466.22,Entertainment,COMPLETED
358,user_965,2025-01-15 20:00:00,1366.0,Utilities,FAILED
359,user_155,2025-01-14 12:00:00,1417.89,Electronics,FAILED
360,user_448,2025-01-08 14:00:00,440.38,Utilities,COMPLETED
361,user_128,2025-01-01 20:00:00,612.47,Entertainment,PENDING
362,user_355,2025-01-03 06:00:00,287.09,Utilities,PENDING
363,user_440,2025-01-05 16:00:00,1262.0,Electronics,COMPLETED
364,user_342,2025-01-02 01:00:00,439.51,Entertainment,PENDING
365,user_616,2025-01-11 13:00:00,1770.4,Entertainment,COMPLETED
366,user_154,2025-01-09 16:00:00,1244.45,Groceries,COMPLETED
367,user_943,2025-01-11 12:00:00,1138.96,Groceries,PENDING
368,user_317,2025-01-09 02:00:00,1896.09,Entertainment,PENDING
369,user_110,2025-01-10 12:00:00,687.85,Groceries,PENDING
370,user_388,2025-01-05 00:00:00,1222.49,Clothing,COMPLETED
371,user_701,2025-01-07 00:00:00,1438.8,Electronics,PENDING
372,user_705,2025-01-16 18:00:00,714.58,Clothing,FAILED
373,user_510,2025-01-15 08:00:00,1252.0,Groceries,PENDING
374,user_171,2025-01-14 19:00:00,982.14,Entertainment,PENDING
375,user_176,2025-01-01 02:00:00,808.67,Entertainment,FAILED
376,user_994,2025-01-01 08:00:00,1005.31,Entertainment,PENDING
377,user_459,2025-01-05 10:00:00,1747.06,Utilities,PENDING
378,user_977,2025-01-14 05:00:00,1233.13,Clothing,PENDING
379,user_438,2025-01-21 15:00:00,1286.81,Electronics,PENDING
380,user_839,2025-01-13 02:00:00,1278.08,Electronics,COMPLETED
381,user_920,2025-01-01 06:00:00,1791.29,Groceries,FAILED
382,user_974,2025-01-20 11:00:00,751.47,Utilities,PENDING
383,user_777,2025-01-17 11:00:00,487.25,Groceries,PENDING
384,user_451,2025-01-05 20:00:00,319.49,Groceries,COMPLETED
385,user_292,2025-01-09 03:00:00,1088.65,Utilities,PENDING
386,user_875,2025-01-11 21:00:00,1022.56,Electronics,FAILED
387,user_309,2025-01-16 07:00:00,298.89,Clothing,PENDING
388,user_238,2025-01-01 08:00:00,24.45,Clothing,FAILED
389,user_286,2025-01-07 18:00:00,918.1,Clothing,FAILED
390,user_825,2025-01-21 11:00:00,1554.81,Entertainment,FAILED
391,user_467,2025-01-07 07:00:00,707.69,Utilities,FAILED
392,user_127,2025-01-16 17:00:00,1947.94,Electronics,PENDING
393,user_129,2025-01-04 21:00:00,885.68,Entertainment,FAILED
394,user_197,2025-01-15 15:00:00,1178.0,Groceries,PENDING
395,user_142,2025-01-18 21:00:00,1211.63,Utilities,PENDING
396,user_549,2025-01-12 13:00:00,640.32,Entertainment,PENDING
397,user_948,2025-01-10 05:00:00,1137.48,Groceries,FAILED
398,user_411,2025-01-05 15:00:00,86.02,Groceries,FAILED
399,user_678,2025-01-09 18:00:00,255.39,Clothing,COMPLETED
400,user_825,2025-01-09 10:00:00,1284.29,Entertainment,PENDING
401,user_158,2025-01-10 00:00:00,325.65,Entertainment,FAILED
402,user_821,2025-01-16 17:00:00,1166.27,Clothing,PENDING
403,user_714,2025-01-05 22:00:00,667.08,Entertainment,PENDING
404,user_600,2025-01-11 00:00:00,1597.72,Clothing,COMPLETED
405,user_962,2025-01-18 04:00:00,1692.42,Clothing,COMPLETED
406,user_949,2025-01-08 15:00:00,1597.29,Entertainment,FAILED
407,user_378,2025-01-06 11:00:00,1314.56,Electronics,COMPLETED
408,user_380,2025-01-16 06:00:00,785.8,Clothing,PENDING
409,user_720,2025-01-08 08:00:00,714.18,Entertainment,PENDING
410,user_355,2025-01-17 00:00:00,1183.47,Groceries,PENDING
411,user_617,2025-01-01 07:00:00,1280.61,Utilities,COMPLETED
412,user_121,2025-01-14 11:00:00,1006.46,Entertainment,PENDING
413,user_678,2025-01-17 14:00:00,833.71,Clothing,FAILED
414,user_248,2025-01-21 08:00:00,767.53,Utilities,FAILED
415,user_598,2025-01-01 06:00:00,1736.49,Utilities,PENDING
416,user_457,2025-01-14 22:00:00,313.63,Groceries,PENDING
417,user_482,2025-01-19 21:00:00,1196.43,Clothing,FAILED
418,user_201,2025-01-02 12:00:00,1002.47,Clothing,FAILED
419,user_539,2025-01-12 15:00:00,1089.37,Groceries,COMPLETED
420,user_548,2025-01-01 18:00:00,614.11,Entertainment,PENDING
421,user_622,2025-01-13 16:00:00,652.74,Electronics,PENDING
422,user_199,2025-01-13 15:00:00,1377.5,Entertainment,FAILED
423,user_573,2025-01-19 12:00:00,813.47,Utilities,PENDING
424,user_425,2025-01-18 15:00:00,1804.76,Clothing,FAILED
425,user_333,2025-01-15 12:00:00,524.85,Entertainment,PENDING
426,user_949,2025-01-18 18:00:00,1011.72,Utilities,FAILED
427,user_410,2025-01-10 14:00:00,1783.99,Electronics,PENDING
428,user_963,2025-01-03 09:00:00,1608.78,Utilities,COMPLETED
429,user_681,2025-01-12 19:00:00,149.99,Entertainment,COMPLETED
430,user_354,2025-01-01 14:00:00,1187.67,Utilities,FAILED
431,user_626,2025-01-12 18:00:00,1139.37,Groceries,FAILED
432,user_458,2025-01-21 03:00:00,1626.23,Electronics,FAILED
433,user_524,2025-01-05 12:00:00,1664.32,Entertainment,PENDING
434,user_301,2025-01-15 15:00:00,95.78,Groceries,FAILED
435,user_752,2025-01-09 10:00:00,1055.48,Entertainment,COMPLETED
436,user_924,2025-01-07 00:00:00,201.72,Entertainment,PENDING
437,user_960,2025-01-18 21:00:00,756.36,Electronics,COMPLETED
438,user_463,2025-01-13 03:00:00,865.85,Electronics,FAILED
439,user_531,2025-01-05 09:00:00,539.47,Groceries,PENDING
440,user_696,2025-01-09 16:00:00,465.36,Clothing,FAILED
441,user_424,2025-01-04 20:00:00,1201.97,Entertainment,PENDING
442,user_989,2025-01-06 18:00:00,165.64,Utilities,FAILED
443,user_247,2025-01-11 06:00:00,1845.52,Utilities,PENDING
444,user_753,2025-01-16 14:00:00,296.04,Clothing,PENDING
445,user_203,2025-01-16 13:00:00,766.76,Groceries,COMPLETED
446,user_424,2025-01-10 10:00:00,1183.44,Groceries,PENDING
447,user_738,2025-01-06 03:00:00,744.51,Utilities,COMPLETED
448,user_106,2025-01-01 09:00:00,1466.74,Groceries,FAILED
449,user_203,2025-01-12 15:00:00,1392.08,Entertainment,PENDING
450,user_852,2025-01-19 14:00:00,992.2,Electronics,PENDING
451,user_857,2025-01-05 07:00:00,92.42,Clothing,COMPLETED
452,user_429,2025-01-10 03:00:00,1529.39,Electronics,PENDING
453,user_883,2025-01-02 17:00:00,1715.41,Groceries,PENDING
454,user_587,2025-01-14 20:00:00,916.05,Clothing,FAILED
455,user_589,2025-01-15 05:00:00,512.39,Entertainment,FAILED
456,user_256,2025-01-06 09:00:00,502.23,Clothing,FAILED
457,user_237,2025-01-15 07:00:00,1644.27,Electronics,FAILED
458,user_830,2025-01-05 22:00:00,587.42,Clothing,COMPLETED
459,user_791,2025-01-01 05:00:00,451.55,Groceries,PENDING
460,user_443,2025-01-01 20:00:00,47.48,Clothing,PENDING
461,user_267,2025-01-10 13:00:00,385.03,Entertainment,COMPLETED
462,user_655,2025-01-12 00:00:00,1857.86,Utilities,FAILED
463,user_807,2025-01-05 22:00:00,1464.7,Groceries,COMPLETED
464,user_164,2025-01-08 04:00:00,85.62,Utilities,FAILED
465,user_205,2025-01-17 20:00:00,1430.78,Groceries,FAILED
466,user_481,2025-01-15 14:00:00,1714.56,Electronics,PENDING
467,user_818,2025-01-19 13:00:00,1025.94,Groceries,FAILED
468,user_614,2025-01-09 22:00:00,735.88,Utilities,COMPLETED
469,user_439,2025-01-20 19:00:00,1019.29,Electronics,FAILED
470,user_268,2025-01-09 22:00:00,153.97,Clothing,PENDING
471,user_823,2025-01-15 07:00:00,25.24,Utilities,FAILED
472,user_965,2025-01-13 17:00:00,1511.38,Utilities,FAILED
473,user_502,2025-01-21 07:00:00,755.92,Groceries,COMPLETED
474,user_812,2025-01-15 08:00:00,103.43,Clothing,FAILED
475,user_862,2025-01-14 11:00:00,317.17,Groceries,PENDING
476,user_759,2025-01-01 17:00:00,202.5,Utilities,PENDING
477,user_408,2025-01-15 05:00:00,1301.25,Entertainment,COMPLETED
478,user_624,2025-01-19 01:00:00,1814.07,Groceries,COMPLETED
479,user_804,2025-01-07 23:00:00,1758.45,Electronics,PENDING
480,user_414,2025-01-21 12:00:00,1507.18,Clothing,COMPLETED
481,user_105,2025-01-06 13:00:00,448.9,Utilities,PENDING
482,user_696,2025-01-04 02:00:00,473.73,Utilities,FAILED
483,user_217,2025-01-02 07:00:00,245.24,Electronics,COMPLETED
484,user_363,2025-01-11 10:00:00,1244.43,Groceries,COMPLETED
485,user_893,2025-01-05 16:00:00,1169.91,Utilities,COMPLETED
486,user_213,2025-01-10 20:00:00,555.02,Utilities,COMPLETED
487,user_371,2025-01-14 23:00:00,1300.96,Clothing,FAILED
488,user_299,2025-01-09 08:00:00,120.32,Utilities,COMPLETED
489,user_581,2025-01-12 16:00:00,673.03,Electronics,COMPLETED
490,user_832,2025-01-18 03:00:00,1038.52,Electronics,FAILED
491,user_272,2025-01-13 17:00:00,688.08,Entertainment,PENDING
492,user_865,2025-01-21 08:00:00,1663.1,Utilities,PENDING
493,user_892,2025-01-17 16:00:00,1094.81,Groceries,PENDING
494,user_370,2025-01-16 19:00:00,1581.15,Clothing,COMPLETED
495,user_398,2025-01-06 03:00:00,1251.1,Utilities,COMPLETED
496,user_282,2025-01-16 22:00:00,1362.93,Utilities,COMPLETED
497,user_676,2025-01-18 13:00:00,545.98,Clothing,COMPLETED
498,user_420,2025-01-13 22:00:00,225.24,Groceries,PENDING
499,user_833,2025-01-18 08:00:00,702.97,Electronics,COMPLETED
500,user_678,2025-01-08 23:00:00,794.92,Utilities,PENDING
501,user_793,2025-01-01 04:00:00,286.49,Clothing,FAILED
502,user_525,2025-01-21 04:00:00,1942.42,Utilities,PENDING
503,user_167,2025-01-17 14:00:00,1844.77,Electronics,COMPLETED
504,user_562,2025-01-08 22:00:00,19.06,Entertainment,FAILED
505,user_796,2025-01-08 21:00:00,1824.22,Clothing,PENDING
506,user_418,2025-01-13 18:00:00,1992.32,Utilities,PENDING
507,user_941,2025-01-05 10:00:00,1671.66,Groceries,FAILED
508,user_393,2025-01-21 06:00:00,246.58,Entertainment,COMPLETED
509,user_914,2025-01-15 08:00:00,577.69,Utilities,COMPLETED
510,user_656,2025-01-13 16:00:00,274.94,Utilities,FAILED
511,user_292,2025-01-11 13:00:00,732.44,Groceries,FAILED
512,user_839,2025-01-05 19:00:00,969.19,Entertainment,COMPLETED
513,user_427,2025-01-18 12:00:00,243.28,Electronics,FAILED
514,user_967,2025-01-04 01:00:00,711.54,Entertainment,FAILED
515,user_840,2025-01-02 23:00:00,1874.49,Clothing,FAILED
516,user_238,2025-01-15 03:00:00,1362.26,Clothing,FAILED
517,user_356,2025-01-17 08:00:00,1572.15,Clothing,COMPLETED
518,user_657,2025-01-15 23:00:00,886.61,Entertainment,COMPLETED
519,user_206,2025-01-09 21:00:00,1355.04,Groceries,FAILED
520,user_891,2025-01-02 05:00:00,155.05,Clothing,COMPLETED
521,user_875,2025-01-14 03:00:00,1734.84,Utilities,PENDING
522,user_475,2025-01-19 01:00:00,1215.49,Groceries,PENDING
523,user_619,2025-01-14 01:00:00,1470.13,Entertainment,FAILED
524,user_672,2025-01-07 23:00:00,277.9,Utilities,FAILED
525,user_457,2025-01-16 22:00:00,909.61,Entertainment,COMPLETED
526,user_151,2025-01-11 16:00:00,1863.03,Entertainment,COMPLETED
527,user_636,2025-01-19 23:00:00,1369.34,Utilities,COMPLETED
528,user_103,2025-01-15 03:00:00,357.09,Electronics,FAILED
529,user_223,2025-01-05 14:00:00,1737.65,Entertainment,FAILED
530,user_252,2025-01-18 05:00:00,1217.09,Utilities,PENDING
531,user_719,2025-01-11 12:00:00,494.41,Utilities,FAILED
532,user_877,2025-01-11 18:00:00,1350.86,Utilities,COMPLETED
533,user_511,2025-01-04 16:00:00,1665.11,Entertainment,PENDING
534,user_889,2025-01-01 20:00:00,573.92,Clothing,FAILED
535,user_652,2025-01-14 09:00:00,694.54,Groceries,PENDING
536,user_709,2025-01-18 05:00:00,710.18,Groceries,COMPLETED
537,user_367,2025-01-19 07:00:00,1109.53,Entertainment,FAILED
538,user_402,2025-01-06 08:00:00,819.35,Utilities,COMPLETED
539,user_882,2025-01-08 19:00:00,792.17,Clothing,FAILED
540,user_119,2025-01-11 03:00:00,1722.19,Entertainment,COMPLETED
541,user_200,2025-01-15 00:00:00,1304.42,Utilities,PENDING
542,user_827,2025-01-13 08:00:00,561.34,Electronics,FAILED
543,user_551,2025-01-07 22:00:00,955.71,Utilities,PENDING
544,user_760,2025-01-18 03:00:00,1718.64,Electronics,COMPLETED
545,user_425,2025-01-04 19:00:00,1109.9,Entertainment,COMPLETED
546,user_958,2025-01-17 15:00:00,270.95,Groceries,FAILED
547,user_610,2025-01-04 19:00:00,1223.12,Utilities,COMPLETED
548,user_760,2025-01-11 23:00:00,268.43,Clothing,FAILED
549,user_670,2025-01-20 02:00:00,1671.03,Entertainment,FAILED
550,user_469,2025-01-14 22:00:00,738.48,Entertainment,PENDING
551,user_523,2025-01-12 15:00:00,446.6,Utilities,FAILED
552,user_979,2025-01-07 23:00:00,1135.72,Utilities,PENDING
553,user_732,2025-01-18 09:00:00,508.89,Entertainment,PENDING
554,user_478,2025-01-15 05:00:00,1612.46,Utilities,PENDING
555,user_410,2025-01-02 23:00:00,273.45,Groceries,COMPLETED
556,user_491,2025-01-10 02:00:00,935.1,Electronics,PENDING
557,user_907,2025-01-20 06:00:00,154.66,Entertainment,PENDING
558,user_704,2025-01-12 07:00:00,1447.39,Groceries,FAILED
559,user_608,2025-01-08 03:00:00,1987.93,Entertainment,COMPLETED
560,user_827,2025-01-16 13:00:00,1984.34,Electronics,PENDING
561,user_685,2025-01-18 07:00:00,418.92,Groceries,PENDING
562,user_768,2025-01-21 10:00:00,817.4,Electronics,PENDING
563,user_893,2025-01-18 18:00:00,1012.95,Electronics,PENDING
564,user_145,2025-01-11 16:00:00,299.45,Electronics,COMPLETED
565,user_642,2025-01-03 19:00:00,17.42,Utilities,FAILED
566,user_495,2025-01-09 12:00:00,1253.57,Entertainment,FAILED
567,user_878,2025-01-15 17:00:00,1086.91,Clothing,COMPLETED
568,user_909,2025-01-15 13:00:00,1596.68,Groceries,COMPLETED
569,user_660,2025-01-08 11:00:00,1346.21,Utilities,FAILED
570,user_863,2025-01-07 21:00:00,1948.64,Groceries,FAILED
571,user_331,2025-01-13 12:00:00,1639.89,Clothing,FAILED
572,user_600,2025-01-10 22:00:00,295.19,Electronics,COMPLETED
573,user_746,2025-01-12 05:00:00,291.43,Utilities,PENDING
574,user_720,2025-01-13 06:00:00,195.25,Electronics,COMPLETED
575,user_138,2025-01-20 21:00:00,1889.85,Electronics,PENDING
576,user_876,2025-01-03 14:00:00,745.65,Groceries,PENDING
577,user_329,2025-01-14 09:00:00,1023.99,Groceries,PENDING
578,user_777,2025-01-18 07:00:00,1828.27,Electronics,FAILED
579,user_314,2025-01-08 14:00:00,527.86,Entertainment,COMPLETED
580,user_169,2025-01-18 18:00:00,1925.89,Utilities,FAILED
581,user_596,2025-01-19 20:00:00,1681.11,Utilities,FAILED
582,user_953,2025-01-14 22:00:00,921.15,Groceries,COMPLETED
583,user_877,2025-01-02 02:00:00,409.04,Entertainment,PENDING
584,user_550,2025-01-09 00:00:00,1859.96,Utilities,FAILED
585,user_571,2025-01-21 12:00:00,1408.91,Groceries,COMPLETED
586,user_712,2025-01-20 23:00:00,252.09,Entertainment,COMPLETED
587,user_863,2025-01-03 21:00:00,325.88,Utilities,COMPLETED
588,user_790,2025-01-07 06:00:00,241.94,Entertainment,PENDING
589,user_581,2025-01-12 11:00:00,1673.88,Electronics,COMPLETED
590,user_888,2025-01-01 19:00:00,1728.66,Electronics,FAILED
591,user_279,2025-01-19 17:00:00,250.14,Clothing,FAILED
592,user_807,2025-01-11 07:00:00,1181.11,Entertainment,FAILED
593,user_212,2025-01-15 07:00:00,1720.95,Utilities,PENDING
594,user_966,2025-01-03 00:00:00,771.94,Groceries,FAILED
595,user_787,2025-01-04 05:00:00,73.1,Clothing,FAILED
596,user_518,2025-01-18 18:00:00,57.74,Utilities,COMPLETED
597,user_861,2025-01-06 19:00:00,470.09,Clothing,FAILED
598,user_835,2025-01-20 23:00:00,682.55,Groceries,PENDING
599,user_233,2025-01-10 13:00:00,762.39,Clothing,FAILED
600,user_555,2025-01-21 13:00:00,1675.62,Clothing,COMPLETED
601,user_497,2025-01-06 20:00:00,270.99,Groceries,PENDING
602,user_596,2025-01-07 00:00:00,1368.3,Electronics,COMPLETED
603,user_713,2025-01-09 07:00:00,554.22,Electronics,PENDING
604,user_867,2025-01-15 23:00:00,1321.37,Clothing,PENDING
605,user_300,2025-01-01 23:00:00,1264.49,Groceries,FAILED
606,user_894,2025-01-05 17:00:00,313.03,Clothing,PENDING
607,user_696,2025-01-07 08:00:00,8.29,Clothing,COMPLETED
608,user_861,2025-01-05 06:00:00,832.34,Entertainment,PENDING
609,user_942,2025-01-01 10:00:00,1989.04,Clothing,PENDING
610,user_684,2025-01-03 04:00:00,1119.04,Electronics,PENDING
611,user_861,2025-01-02 18:00:00,875.07,Utilities,FAILED
612,user_861,2025-01-03 20:00:00,1642.83,Entertainment,FAILED
613,user_582,2025-01-13 00:00:00,885.58,Utilities,COMPLETED
614,user_199,2025-01-15 23:00:00,14.99,Utilities,COMPLETED
615,user_568,2025-01-05 08:00:00,1129.43,Entertainment,COMPLETED
616,user_194,2025-01-20 13:00:00,868.29,Groceries,COMPLETED
617,user_723,2025-01-12 17:00:00,177.66,Utilities,COMPLETED
618,user_990,2025-01-06 02:00:00,842.36,Groceries,COMPLETED
619,user_481,2025-01-12 23:00:00,884.42,Entertainment,COMPLETED
620,user_507,2025-01-14 13:00:00,1323.39,Utilities,FAILED
621,user_896,2025-01-11 20:00:00,1371.11,Clothing,PENDING
622,user_806,2025-01-03 05:00:00,451.42,Groceries,FAILED
623,user_968,2025-01-02 18:00:00,1173.26,Groceries,FAILED
624,user_379,2025-01-05 16:00:00,490.73,Utilities,PENDING
625,user_215,2025-01-06 22:00:00,389.54,Groceries,FAILED
626,user_421,2025-01-07 20:00:00,943.38,Clothing,PENDING
627,user_343,2025-01-04 13:00:00,1713.58,Entertainment,PENDING
628,user_863,2025-01-06 00:00:00,1199.85,Electronics,COMPLETED
629,user_295,2025-01-17 10:00:00,1653.75,Utilities,PENDING
630,user_445,2025-01-15 13:00:00,1867.6,Clothing,PENDING
631,user_213,2025-01-01 00:00:00,1834.46,Clothing,COMPLETED
632,user_910,2025-01-01 14:00:00,1824.36,Entertainment,FAILED
633,user_846,2025-01-19 12:00:00,89.73,Entertainment,PENDING
634,user_468,2025-01-05 20:00:00,325.68,Clothing,FAILED
635,user_907,2025-01-01 15:00:00,604.0,Groceries,FAILED
636,user_321,2025-01-12 02:00:00,490.49,Groceries,FAILED
637,user_171,2025-01-04 11:00:00,474.78,Entertainment,PENDING
638,user_753,2025-01-08 18:00:00,729.84,Electronics,COMPLETED
639,user_484,2025-01-18 07:00:00,668.41,Groceries,PENDING
640,user_320,2025-01-13 22:00:00,1174.32,Clothing,COMPLETED
641,user_260,2025-01-20 00:00:00,750.42,Clothing,PENDING
642,user_196,2025-01-12 01:00:00,1222.98,Electronics,COMPLETED
643,user_197,2025-01-20 22:00:00,366.74,Electronics,COMPLETED
644,user_941,2025-01-02 21:00:00,703.3,Electronics,COMPLETED
645,user_455,2025-01-05 15:00:00,207.95,Clothing,COMPLETED
646,user_364,2025-01-15 03:00:00,198.79,Electronics,PENDING
647,user_406,2025-01-02 09:00:00,1690.05,Groceries,COMPLETED
648,user_863,2025-01-19 05:00:00,1184.52,Electronics,FAILED
649,user_795,2025-01-06 03:00:00,1117.93,Electronics,PENDING
650,user_103,2025-01-12 08:00:00,106.28,Clothing,COMPLETED
651,user_801,2025-01-07 03:00:00,997.37,Utilities,COMPLETED
652,user_633,2025-01-12 03:00:00,271.47,Utilities,COMPLETED
653,user_535,2025-01-20 22:00:00,870.46,Utilities,FAILED
654,user_697,2025-01-12 14:00:00,1813.72,Entertainment,COMPLETED
655,user_177,2025-01-21 14:00:00,1197.24,Utilities,COMPLETED
656,user_170,2025-01-16 02:00:00,120.06,Groceries,COMPLETED
657,user_173,2025-01-16 01:00:00,1288.14,Electronics,COMPLETED
658,user_638,2025-01-10 05:00:00,1531.0,Electronics,FAILED
659,user_152,2025-01-15 00:00:00,1904.18,Electronics,PENDING
660,user_341,2025-01-07 11:00:00,539.32,Electronics,PENDING
661,user_524,2025-01-16 02:00:00,1954.27,Utilities,PENDING
662,user_886,2025-01-14 20:00:00,757.45,Electronics,PENDING
663,user_346,2025-01-01 10:00:00,1387.03,Clothing,COMPLETED
664,user_941,2025-01-13 08:00:00,170.77,Electronics,PENDING
665,user_461,2025-01-13 04:00:00,610.7,Clothing,PENDING
666,user_252,2025-01-16 18:00:00,1757.64,Entertainment,FAILED
667,user_390,2025-01-13 20:00:00,1923.28,Electronics,COMPLETED
668,user_883,2025-01-11 03:00:00,1148.64,Utilities,PENDING
669,user_959,2025-01-13 07:00:00,1300.4,Utilities,PENDING
670,user_130,2025-01-15 09:00:00,263.71,Electronics,FAILED
671,user_568,2025-01-08 03:00:00,1726.75,Entertainment,COMPLETED
672,user_769,2025-01-10 22:00:00,80.87,Utilities,COMPLETED
673,user_972,2025-01-10 04:00:00,1406.14,Groceries,PENDING
674,user_695,2025-01-15 01:00:00,1518.76,Electronics,FAILED
675,user_510,2025-01-18 23:00:00,391.7,Electronics,FAILED
676,user_741,2025-01-05 01:00:00,995.55,Groceries,PENDING
677,user_879,2025-01-15 16:00:00,604.25,Electronics,COMPLETED
678,user_151,2025-01-08 03:00:00,827.2,Entertainment,FAILED
679,user_112,2025-01-15 06:00:00,363.81,Electronics,FAILED
680,user_253,2025-01-12 10:00:00,99.96,Clothing,PENDING
681,user_418,2025-01-17 18:00:00,196.15,Utilities,PENDING
682,user_650,2025-01-01 20:00:00,1016.82,Groceries,FAILED
683,user_157,2025-01-21 05:00:00,805.37,Clothing,FAILED
684,user_317,2025-01-10 03:00:00,887.16,Utilities,FAILED
685,user_780,2025-01-01 14:00:00,1176.78,Utilities,COMPLETED
686,user_108,2025-01-20 10:00:00,39.97,Utilities,FAILED
687,user_282,2025-01-05 05:00:00,341.82,Electronics,PENDING
688,user_641,2025-01-08 07:00:00,1038.93,Utilities,FAILED
689,user_725,2025-01-12 14:00:00,850.77,Clothing,FAILED
690,user_643,2025-01-01 19:00:00,377.49,Electronics,FAILED
691,user_897,2025-01-18 01:00:00,1739.09,Entertainment,PENDING
692,user_594,2025-01-02 23:00:00,1195.32,Entertainment,PENDING
693,user_220,2025-01-11 19:00:00,1297.27,Electronics,PENDING
694,user_652,2025-01-13 14:00:00,475.59,Entertainment,FAILED
695,user_934,2025-01-12 22:00:00,951.68,Utilities,COMPLETED
696,user_677,2025-01-19 11:00:00,296.6,Electronics,FAILED
697,user_254,2025-01-15 09:00:00,760.46,Utilities,COMPLETED
698,user_138,2025-01-08 11:00:00,1968.05,Entertainment,FAILED
699,user_685,2025-01-20 05:00:00,1706.62,Utilities,PENDING
700,user_229,2025-01-03 09:00:00,1455.73,Groceries,COMPLETED
701,user_906,2025-01-14 18:00:00,1183.92,Clothing,FAILED
702,user_523,2025-01-15 13:00:00,1459.29,Electronics,COMPLETED
703,user_933,2025-01-19 10:00:00,1757.59,Entertainment,COMPLETED
704,user_981,2025-01-05 17:00:00,1179.77,Electronics,PENDING
705,user_549,2025-01-19 14:00:00,1280.63,Utilities,COMPLETED
706,user_547,2025-01-20 06:00:00,1312.67,Entertainment,COMPLETED
707,user_576,2025-01-08 00:00:00,1867.61,Entertainment,PENDING
708,user_168,2025-01-19 03:00:00,1887.64,Groceries,FAILED
709,user_919,2025-01-03 18:00:00,92.34,Clothing,FAILED
710,user_316,2025-01-21 13:00:00,1119.35,Clothing,FAILED
711,user_955,2025-01-20 09:00:00,1574.93,Clothing,FAILED
712,user_656,2025-01-18 02:00:00,881.79,Entertainment,FAILED
713,user_401,2025-01-21 04:00:00,433.22,Groceries,COMPLETED
714,user_538,2025-01-15 10:00:00,10.13,Clothing,FAILED
715,user_806,2025-01-07 17:00:00,723.7,Clothing,COMPLETED
716,user_328,2025-01-18 11:00:00,1694.07,Utilities,PENDING
717,user_487,2025-01-05 00:00:00,109.13,Utilities,PENDING
718,user_970,2025-01-13 23:00:00,1544.75,Electronics,FAILED
719,user_519,2025-01-09 13:00:00,812.26,Utilities,FAILED
720,user_421,2025-01-11 17:00:00,97.57,Utilities,FAILED
721,user_743,2025-01-04 12:00:00,180.02,Utilities,FAILED
722,user_210,2025-01-09 04:00:00,80.32,Electronics,FAILED
723,user_590,2025-01-02 12:00:00,874.66,Electronics,PENDING
724,user_670,2025-01-10 19:00:00,670.57,Electronics,COMPLETED
725,user_652,2025-01-18 03:00:00,8.33,Entertainment,FAILED
726,user_341,2025-01-17 01:00:00,1220.34,Entertainment,COMPLETED
727,user_969,2025-01-13 08:00:00,705.55,Utilities,COMPLETED
728,user_819,2025-01-17 06:00:00,1560.75,Utilities,FAILED
729,user_114,2025-01-03 10:00:00,1274.18,Groceries,COMPLETED
730,user_362,2025-01-02 14:00:00,1232.24,Utilities,COMPLETED
731,user_987,2025-01-07 21:00:00,1561.87,Groceries,PENDING
732,user_582,2025-01-12 10:00:00,1978.49,Utilities,FAILED
733,user_344,2025-01-14 03:00:00,570.08,Clothing,PENDING
734,user_154,2025-01-16 12:00:00,793.9,Clothing,PENDING
735,user_803,2025-01-03 20:00:00,420.15,Utilities,COMPLETED
736,user_944,2025-01-05 18:00:00,1691.69,Utilities,COMPLETED
737,user_552,2025-01-02 07:00:00,1982.04,Clothing,PENDING
738,user_421,2025-01-01 08:00:00,622.32,Groceries,COMPLETED
739,user_260,2025-01-13 08:00:00,1089.93,Electronics,COMPLETED
740,user_566,2025-01-17 19:00:00,1903.95,Clothing,COMPLETED
741,user_424,2025-01-18 17:00:00,1337.37,Utilities,COMPLETED
742,user_275,2025-01-20 20:00:00,1820.66,Clothing,FAILED
743,user_949,2025-01-14 23:00:00,995.25,Utilities,FAILED
744,user_345,2025-01-01 02:00:00,992.51,Entertainment,FAILED
745,user_563,2025-01-01 09:00:00,284.83,Entertainment,PENDING
746,user_450,2025-01-07 13:00:00,1056.55,Utilities,FAILED
747,user_478,2025-01-18 09:00:00,977.37,Clothing,FAILED
748,user_888,2025-01-09 02:00:00,422.54,Clothing,FAILED
749,user_621,2025-01-07 11:00:00,95.98,Groceries,COMPLETED
750,user_146,2025-01-07 16:00:00,1070.0,Electronics,FAILED
751,user_447,2025-01-06 17:00:00,928.37,Utilities,PENDING
752,user_615,2025-01-12 03:00:00,1263.57,Entertainment,FAILED
753,user_949,2025-01-20 16:00:00,1381.04,Utilities,FAILED
754,user_743,2025-01-12 04:00:00,1018.18,Electronics,FAILED
755,user_437,2025-01-07 04:00:00,1790.9,Entertainment,COMPLETED
756,user_448,2025-01-02 15:00:00,1020.91,Utilities,PENDING
757,user_681,2025-01-18 18:00:00,1728.55,Groceries,FAILED
758,user_272,2025-01-08 18:00:00,443.99,Clothing,PENDING
759,user_525,2025-01-21 01:00:00,1893.48,Electronics,COMPLETED
760,user_873,2025-01-03 07:00:00,758.88,Clothing,FAILED
761,user_980,2025-01-04 17:00:00,1307.93,Utilities,COMPLETED
762,user_268,2025-01-08 12:00:00,1305.43,Entertainment,PENDING
763,user_551,2025-01-11 03:00:00,1939.59,Entertainment,FAILED
764,user_453,2025-01-02 15:00:00,1652.68,Groceries,PENDING
765,user_568,2025-01-02 20:00:00,1930.88,Utilities,FAILED
766,user_932,2025-01-07 13:00:00,433.24,Electronics,FAILED
767,user_784,2025-01-01 08:00:00,145.61,Electronics,COMPLETED
768,user_571,2025-01-10 02:00:00,1860.57,Entertainment,PENDING
769,user_361,2025-01-21 03:00:00,774.11,Clothing,PENDING
770,user_630,2025-01-17 06:00:00,272.8,Entertainment,COMPLETED
771,user_998,2025-01-06 02:00:00,1925.06,Utilities,PENDING
772,user_658,2025-01-15 06:00:00,1210.33,Entertainment,COMPLETED
773,user_234,2025-01-21 07:00:00,27.04,Entertainment,COMPLETED
774,user_767,2025-01-10 21:00:00,1343.46,Electronics,FAILED
775,user_618,2025-01-04 05:00:00,1044.02,Groceries,FAILED
776,user_646,2025-01-13 11:00:00,903.95,Utilities,PENDING
777,user_971,2025-01-07 11:00:00,929.38,Electronics,COMPLETED
778,user_447,2025-01-07 10:00:00,1017.59,Groceries,FAILED
779,user_413,2025-01-15 19:00:00,1714.81,Groceries,PENDING
780,user_140,2025-01-19 21:00:00,1514.36,Electronics,FAILED
781,user_943,2025-01-02 01:00:00,1930.55,Electronics,PENDING
782,user_384,2025-01-09 11:00:00,234.29,Utilities,FAILED
783,user_888,2025-01-04 00:00:00,1296.71,Electronics,FAILED
784,user_731,2025-01-06 23:00:00,1063.05,Entertainment,COMPLETED
785,user_231,2025-01-15 06:00:00,1355.8,Clothing,PENDING
786,user_468,2025-01-06 22:00:00,1232.5,Groceries,FAILED
787,user_435,2025-01-13 00:00:00,1408.89,Electronics,PENDING
788,user_709,2025-01-03 21:00:00,1561.26,Utilities,COMPLETED
789,user_988,2025-01-20 22:00:00,602.38,Utilities,PENDING
790,user_917,2025-01-17 20:00:00,477.39,Utilities,PENDING
791,user_825,2025-01-01 01:00:00,612.38,Clothing,COMPLETED
792,user_840,2025-01-10 18:00:00,639.95,Groceries,COMPLETED
793,user_583,2025-01-13 07:00:00,717.61,Groceries,FAILED
794,user_583,2025-01-04 17:00:00,89.91,Entertainment,COMPLETED
795,user_982,2025-01-08 17:00:00,90.38,Entertainment,COMPLETED
796,user_143,2025-01-20 02:00:00,1974.75,Groceries,COMPLETED
797,user_310,2025-01-13 19:00:00,1133.31,Electronics,COMPLETED
798,user_669,2025-01-07 07:00:00,497.36,Electronics,FAILED
799,user_124,2025-01-19 12:00:00,199.99,Electronics,FAILED
800,user_473,2025-01-05 08:00:00,1921.04,Groceries,FAILED
801,user_322,2025-01-01 01:00:00,281.71,Electronics,PENDING
802,user_437,2025-01-02 09:00:00,68.53,Electronics,COMPLETED
803,user_256,2025-01-10 00:00:00,1170.29,Clothing,PENDING
804,user_128,2025-01-10 18:00:00,528.47,Utilities,COMPLETED
805,user_490,2025-01-02 08:00:00,1987.85,Utilities,PENDING
806,user_726,2025-01-19 16:00:00,363.18,Groceries,FAILED
807,user_882,2025-01-20 08:00:00,40.2,Groceries,FAILED
808,user_518,2025-01-06 11:00:00,1801.89,Clothing,COMPLETED
809,user_926,2025-01-08 19:00:00,1054.79,Clothing,COMPLETED
810,user_628,2025-01-15 19:00:00,683.62,Groceries,PENDING
811,user_112,2025-01-15 07:00:00,1156.1,Electronics,FAILED
812,user_542,2025-01-13 01:00:00,1709.08,Groceries,FAILED
813,user_171,2025-01-01 19:00:00,147.36,Clothing,PENDING
814,user_593,2025-01-18 02:00:00,219.22,Entertainment,PENDING
815,user_907,2025-01-13 02:00:00,1688.87,Groceries,PENDING
816,user_480,2025-01-01 00:00:00,464.89,Utilities,COMPLETED
817,user_252,2025-01-09 10:00:00,988.73,Clothing,COMPLETED
818,user_673,2025-01-14 18:00:00,90.05,Clothing,COMPLETED
819,user_371,2025-01-14 01:00:00,1524.37,Electronics,PENDING
820,user_681,2025-01-03 11:00:00,1601.62,Groceries,PENDING
821,user_510,2025-01-11 12:00:00,1585.8,Entertainment,COMPLETED
822,user_808,2025-01-15 21:00:00,65.37,Electronics,FAILED
823,user_949,2025-01-12 03:00:00,281.47,Clothing,PENDING
824,user_147,2025-01-11 01:00:00,1120.9,Entertainment,PENDING
825,user_474,2025-01-21 22:00:00,1052.27,Clothing,FAILED
826,user_101,2025-01-21 16:00:00,61.93,Clothing,COMPLETED
827,user_997,2025-01-09 02:00:00,1010.7,Groceries,COMPLETED
828,user_514,2025-01-09 07:00:00,1154.96,Electronics,COMPLETED
829,user_494,2025-01-14 03:00:00,1625.94,Clothing,COMPLETED
830,user_982,2025-01-12 23:00:00,891.0,Entertainment,FAILED
831,user_885,2025-01-18 13:00:00,1520.38,Groceries,FAILED
832,user_863,2025-01-16 01:00:00,1798.8,Clothing,FAILED
833,user_848,2025-01-05 18:00:00,1308.02,Groceries,COMPLETED
834,user_497,2025-01-08 07:00:00,977.06,Clothing,FAILED
835,user_797,2025-01-17 12:00:00,988.03,Groceries,PENDING
836,user_388,2025-01-13 21:00:00,837.98,Clothing,PENDING
837,user_920,2025-01-20 12:00:00,1494.62,Groceries,FAILED
838,user_962,2025-01-04 21:00:00,414.95,Clothing,PENDING
839,user_723,2025-01-21 12:00:00,1751.19,Groceries,FAILED
840,user_585,2025-01-16 02:00:00,936.39,Electronics,PENDING
841,user_780,2025-01-13 22:00:00,1197.29,Electronics,PENDING
842,user_199,2025-01-15 17:00:00,931.15,Groceries,PENDING
843,user_376,2025-01-14 21:00:00,691.55,Clothing,FAILED
844,user_442,2025-01-20 19:00:00,1031.32,Entertainment,PENDING
845,user_227,2025-01-21 10:00:00,443.44,Groceries,PENDING
846,user_267,2025-01-16 20:00:00,1538.48,Electronics,COMPLETED
847,user_334,2025-01-03 21:00:00,50.49,Electronics,FAILED
848,user_536,2025-01-15 10:00:00,1606.78,Clothing,FAILED
849,user_654,2025-01-04 17:00:00,1569.0,Utilities,PENDING
850,user_585,2025-01-02 00:00:00,420.27,Utilities,COMPLETED
851,user_540,2025-01-05 05:00:00,115.11,Electronics,FAILED
852,user_374,2025-01-05 19:00:00,1069.33,Clothing,COMPLETED
853,user_591,2025-01-18 12:00:00,1549.3,Entertainment,COMPLETED
854,user_933,2025-01-05 02:00:00,696.73,Groceries,FAILED
855,user_320,2025-01-05 15:00:00,82.51,Groceries,FAILED
856,user_704,2025-01-13 11:00:00,583.45,Electronics,COMPLETED
857,user_522,2025-01-18 16:00:00,1638.8,Utilities,COMPLETED
858,user_570,2025-01-10 17:00:00,667.81,Clothing,PENDING
859,user_128,2025-01-04 15:00:00,1042.41,Clothing,PENDING
860,user_283,2025-01-04 07:00:00,1680.61,Entertainment,PENDING
861,user_752,2025-01-06 20:00:00,1149.9,Electronics,PENDING
862,user_207,2025-01-16 06:00:00,1741.65,Entertainment,COMPLETED
863,user_953,2025-01-10 18:00:00,573.39,Groceries,FAILED
864,user_446,2025-01-06 02:00:00,1993.3,Electronics,PENDING
865,user_450,2025-01-07 22:00:00,873.58,Utilities,FAILED
866,user_670,2025-01-11 08:00:00,1454.42,Clothing,FAILED
867,user_583,2025-01-03 15:00:00,387.58,Electronics,COMPLETED
868,user_639,2025-01-08 17:00:00,1680.3,Utilities,COMPLETED
869,user_213,2025-01-08 22:00:00,1498.03,Utilities,COMPLETED
870,user_445,2025-01-21 03:00:00,563.36,Clothing,COMPLETED
871,user_126,2025-01-19 13:00:00,46.04,Clothing,PENDING
872,user_762,2025-01-09 14:00:00,1015.2,Utilities,COMPLETED
873,user_648,2025-01-11 20:00:00,1895.92,Groceries,PENDING
874,user_384,2025-01-14 11:00:00,1868.82,Groceries,COMPLETED
875,user_500,2025-01-17 12:00:00,314.71,Utilities,PENDING
876,user_851,2025-01-16 18:00:00,261.65,Clothing,FAILED
877,user_263,2025-01-17 07:00:00,1392.12,Entertainment,FAILED
878,user_122,2025-01-02 08:00:00,1839.16,Groceries,COMPLETED
879,user_328,2025-01-09 16:00:00,1216.62,Entertainment,COMPLETED
880,user_537,2025-01-15 12:00:00,85.69,Clothing,FAILED
881,user_131,2025-01-06 11:00:00,984.75,Entertainment,FAILED
882,user_427,2025-01-15 06:00:00,1953.57,Electronics,FAILED
883,user_565,2025-01-09 10:00:00,1649.96,Groceries,PENDING
884,user_792,2025-01-13 22:00:00,829.53,Groceries,FAILED
885,user_101,2025-01-03 08:00:00,66.23,Clothing,FAILED
886,user_466,2025-01-05 11:00:00,308.95,Groceries,PENDING
887,user_817,2025-01-19 10:00:00,1960.53,Clothing,FAILED
888,user_944,2025-01-06 04:00:00,1376.65,Groceries,COMPLETED
889,user_911,2025-01-19 07:00:00,634.37,Utilities,FAILED
890,user_753,2025-01-07 02:00:00,1429.41,Utilities,COMPLETED
891,user_641,2025-01-15 08:00:00,241.52,Entertainment,FAILED
892,user_347,2025-01-02 21:00:00,847.8,Entertainment,FAILED
893,user_600,2025-01-19 21:00:00,266.1,Groceries,COMPLETED
894,user_952,2025-01-01 07:00:00,1461.21,Clothing,PENDING
895,user_117,2025-01-05 11:00:00,1877.93,Clothing,FAILED
896,user_515,2025-01-13 12:00:00,61.3,Utilities,COMPLETED
897,user_877,2025-01-19 07:00:00,406.64,Entertainment,COMPLETED
898,user_628,2025-01-13 00:00:00,121.87,Groceries,PENDING
899,user_631,2025-01-05 23:00:00,559.98,Utilities,COMPLETED
900,user_963,2025-01-13 19:00:00,417.42,Electronics,FAILED
901,user_734,2025-01-19 05:00:00,1136.76,Groceries,PENDING
902,user_781,2025-01-19 13:00:00,1767.95,Utilities,COMPLETED
903,user_447,2025-01-01 22:00:00,1258.95,Groceries,PENDING
904,user_593,2025-01-13 22:00:00,476.89,Groceries,PENDING
905,user_364,2025-01-20 11:00:00,287.04,Entertainment,COMPLETED
906,user_239,2025-01-14 19:00:00,1083.99,Entertainment,PENDING
907,user_801,2025-01-15 18:00:00,1817.25,Groceries,PENDING
908,user_937,2025-01-15 00:00:00,1625.37,Groceries,PENDING
909,user_517,2025-01-02 22:00:00,1498.21,Utilities,FAILED
910,user_973,2025-01-14 07:00:00,1163.07,Utilities,COMPLETED
911,user_110,2025-01-16 23:00:00,1461.65,Electronics,FAILED
912,user_491,2025-01-02 20:00:00,1840.58,Groceries,PENDING
913,user_334,2025-01-12 00:00:00,1860.59,Groceries,COMPLETED
914,user_383,2025-01-17 21:00:00,489.32,Entertainment,PENDING
915,user_764,2025-01-01 23:00:00,1487.81,Entertainment,PENDING
916,user_254,2025-01-21 14:00:00,1069.36,Entertainment,COMPLETED
917,user_120,2025-01-19 13:00:00,794.87,Electronics,PENDING
918,user_380,2025-01-08 14:00:00,1603.03,Clothing,FAILED
919,user_646,2025-01-02 16:00:00,1672.63,Electronics,FAILED
920,user_341,2025-01-01 19:00:00,1662.51,Utilities,FAILED
921,user_385,2025-01-17 15:00:00,828.89,Utilities,FAILED
922,user_694,2025-01-09 02:00:00,265.89,Clothing,PENDING
923,user_167,2025-01-11 16:00:00,518.98,Entertainment,COMPLETED
924,user_574,2025-01-16 10:00:00,585.74,Clothing,PENDING
925,user_284,2025-01-01 08:00:00,597.64,Groceries,FAILED
926,user_395,2025-01-18 21:00:00,1989.02,Utilities,PENDING
927,user_336,2025-01-06 16:00:00,1804.95,Electronics,FAILED
928,user_286,2025-01-02 03:00:00,927.21,Entertainment,FAILED
929,user_514,2025-01-11 21:00:00,1080.1,Electronics,PENDING
930,user_813,2025-01-07 04:00:00,280.15,Entertainment,PENDING
931,user_430,2025-01-01 13:00:00,967.13,Clothing,FAILED
932,user_671,2025-01-04 08:00:00,198.82,Entertainment,COMPLETED
933,user_777,2025-01-06 07:00:00,1904.65,Groceries,FAILED
934,user_733,2025-01-07 20:00:00,1713.09,Entertainment,PENDING
935,user_480,2025-01-05 17:00:00,1620.63,Electronics,FAILED
936,user_579,2025-01-17 19:00:00,346.39,Entertainment,FAILED
937,user_492,2025-01-15 20:00:00,1413.56,Entertainment,FAILED
938,user_327,2025-01-11 07:00:00,1899.89,Entertainment,PENDING
939,user_773,2025-01-10 09:00:00,572.71,Electronics,COMPLETED
940,user_363,2025-01-02 12:00:00,1231.95,Utilities,FAILED
941,user_891,2025-01-03 03:00:00,1904.16,Entertainment,PENDING
942,user_243,2025-01-17 05:00:00,1938.07,Electronics,PENDING
943,user_710,2025-01-18 17:00:00,89.03,Entertainment,PENDING
944,user_951,2025-01-19 00:00:00,17.51,Groceries,FAILED
945,user_304,2025-01-01 19:00:00,41.28,Groceries,FAILED
946,user_663,2025-01-17 01:00:00,1892.64,Electronics,COMPLETED
947,user_185,2025-01-09 09:00:00,275.29,Utilities,FAILED
948,user_544,2025-01-12 03:00:00,909.89,Groceries,PENDING
949,user_390,2025-01-01 03:00:00,338.89,Electronics,FAILED
950,user_690,2025-01-10 03:00:00,283.62,Electronics,PENDING
951,user_889,2025-01-04 18:00:00,1170.52,Groceries,FAILED
952,user_523,2025-01-19 21:00:00,987.7,Electronics,COMPLETED
953,user_152,2025-01-09 14:00:00,1013.37,Utilities,PENDING
954,user_273,2025-01-03 00:00:00,1301.84,Entertainment,FAILED
955,user_484,2025-01-04 05:00:00,1163.97,Utilities,PENDING
956,user_339,2025-01-11 19:00:00,1570.15,Utilities,FAILED
957,user_489,2025-01-18 01:00:00,1182.73,Entertainment,FAILED
958,user_799,2025-01-08 09:00:00,492.98,Electronics,COMPLETED
959,user_820,2025-01-07 11:00:00,1602.79,Clothing,COMPLETED
960,user_716,2025-01-06 13:00:00,1110.57,Entertainment,COMPLETED
961,user_967,2025-01-02 10:00:00,156.6,Groceries,PENDING
962,user_448,2025-01-20 18:00:00,948.04,Groceries,FAILED
963,user_644,2025-01-05 06:00:00,1625.81,Electronics,COMPLETED
964,user_769,2025-01-02 21:00:00,1653.41,Entertainment,FAILED
965,user_241,2025-01-17 09:00:00,1337.17,Groceries,COMPLETED
966,user_978,2025-01-20 19:00:00,1921.96,Entertainment,PENDING
967,user_326,2025-01-18 20:00:00,416.37,Utilities,COMPLETED
968,user_265,2025-01-05 01:00:00,836.53,Utilities,COMPLETED
969,user_647,2025-01-09 12:00:00,511.63,Electronics,FAILED
970,user_345,2025-01-05 23:00:00,808.59,Clothing,FAILED
971,user_561,2025-01-10 12:00:00,1734.21,Groceries,PENDING
972,user_144,2025-01-04 09:00:00,738.38,Clothing,FAILED
973,user_105,2025-01-05 04:00:00,1367.58,Electronics,FAILED
974,user_112,2025-01-15 16:00:00,749.15,Electronics,PENDING
975,user_384,2025-01-21 22:00:00,482.31,Clothing,COMPLETED
976,user_812,2025-01-21 08:00:00,631.01,Clothing,FAILED
977,user_483,2025-01-07 12:00:00,276.12,Utilities,PENDING
978,user_952,2025-01-09 00:00:00,1833.35,Clothing,COMPLETED
979,user_240,2025-01-06 21:00:00,1401.51,Clothing,FAILED
980,user_412,2025-01-13 08:00:00,1813.84,Clothing,COMPLETED
981,user_194,2025-01-11 08:00:00,309.03,Electronics,FAILED
982,user_918,2025-01-21 17:00:00,1060.63,Electronics,PENDING
983,user_322,2025-01-04 10:00:00,944.44,Electronics,COMPLETED
984,user_210,2025-01-16 15:00:00,691.38,Clothing,PENDING
985,user_158,2025-01-21 04:00:00,954.84,Electronics,FAILED
986,user_361,2025-01-01 07:00:00,1127.17,Clothing,FAILED
987,user_243,2025-01-18 23:00:00,1035.46,Clothing,PENDING
988,user_384,2025-01-05 10:00:00,785.46,Groceries,PENDING
989,user_730,2025-01-10 03:00:00,791.56,Entertainment,COMPLETED
990,user_895,2025-01-08 07:00:00,696.69,Entertainment,PENDING
991,user_309,2025-01-15 18:00:00,1518.34,Groceries,COMPLETED
992,user_382,2025-01-18 16:00:00,1852.74,Entertainment,FAILED
993,user_697,2025-01-03 08:00:00,1357.1,Utilities,FAILED
994,user_273,2025-01-07 10:00:00,1624.24,Electronics,FAILED
995,user_783,2025-01-19 08:00:00,668.4,Entertainment,PENDING
996,user_321,2025-01-09 13:00:00,553.85,Clothing,COMPLETED
997,user_392,2025-01-20 19:00:00,1471.46,Groceries,COMPLETED
998,user_520,2025-01-15 10:00:00,1351.76,Utilities,PENDING
999,user_505,2025-01-02 21:00:00,8.81,Clothing,PENDING
1000,user_407,2025-01-01 17:00:00,1341.13,Electronics,FAILED
